{
  "project_info": {
    "project_number": "441942869450",
    "project_id": "ppdm-a9736",
    "storage_bucket": "ppdm-a9736.appspot.com"
  },
  "client": [
    {
      "client_info": {
        "mobilesdk_app_id": "1:441942869450:android:5a5bcb98eceb88c465bb33",
        "android_client_info": {
          "package_name": "com.example.ppdm"
        }
      },
      "oauth_client": [],
      "api_key": [
        {
          "current_key": "AIzaSyB_8gJNwnSNriUp5vjiOHRsc1zgWSbdWDg"
        }
      ],
      "services": {
        "appinvite_service": {
          "other_platform_oauth_client": []
        }
      }
    }
  ],
  "configuration_version": "1"
}